Id,qid,topic,query,vid_url,vid_title,aria-label,Stance,duration,viewCount,likeCount,dislikeCount,favoriteCount,commentCount,popularity,v_id
484,30,Vaccine controversies,Vaccines revealed,https://www.youtube.com/watch?v=ze_Hlkz8dDs,Madison: Before & After Vaccine Induced Autism,"Madison: Before & After Vaccine Induced Autism by madinmikala 9 years ago 8 minutes, 17 seconds 1,382,933 views",1,497.0,1401651.0,10142.0,5006.0,0.0,11112.0,1427911.0,0
457,29,Vaccine controversies,Vaccines,https://www.youtube.com/watch?v=cHWeJ0f_o3A,The Truth About Vaccines Docu-series - Episode 1 | Robert F. Kennedy Jr Interview | Smallpox Vaccine,"The Truth About Vaccines Docu-series - Episode 1 | Robert F. Kennedy Jr Interview | Smallpox Vaccine by The Truth About Vaccines 1 year ago 1 hour, 57 minutes 1,187,333 views",1,7045.0,1224909.0,15065.0,1290.0,0.0,3226.0,1244490.0,1
491,30,Vaccine controversies,Vaccines revealed,https://www.youtube.com/watch?v=rJR2zoouMH0,I am a doctor and I now know the truth about vaccines #vaxxed #DidYouKnow #Praybig,"I am a doctor and I now know the truth about vaccines #vaxxed #DidYouKnow #Praybig by VAXXED TV Streamed 1 year ago 24 minutes 497,056 views",1,1482.0,507675.0,10182.0,779.0,0.0,4522.0,523158.0,2
676,39,Vaccine controversies,vaccine debate,https://www.youtube.com/watch?v=FJ7iPn39i08,Robert DeNiro Debates Autism's Link To Vaccines | TODAY,"Robert DeNiro Debates Autism's Link To Vaccines | TODAY by TODAY 2 years ago 9 minutes, 20 seconds 474,295 views",1,560.0,500835.0,3838.0,551.0,0.0,2616.0,507840.0,3
571,33,Vaccine controversies,Vaccines calling the shots,https://www.youtube.com/watch?v=PQsVTlMsQrI,Vacciness -The truth behind vaccinations-,"Vacciness -The truth behind vaccinations- by Noah Neo 6 years ago 51 minutes 409,880 views",1,3117.0,411846.0,5514.0,648.0,0.0,5656.0,423664.0,4
524,31,Vaccine controversies,Vaccines are toxic,https://www.youtube.com/watch?v=jt9rdznYsLI,You'll Be Shocked at What the Flu Shot is Really Doing to You!,"You'll Be Shocked at What the Flu Shot is Really Doing to You! by iHealthTube.com 1 year ago 3 minutes, 58 seconds 403,953 views",1,238.0,407925.0,7062.0,417.0,0.0,0.0,415404.0,5
578,33,Vaccine controversies,Vaccines calling the shots,https://www.youtube.com/watch?v=seqKlU3rTrA,LOOK WHAT AGENDA THE ILLUMINATI WERE PUSHING AT THE 2019 GOLDEN GLOBE AWARDS!,"LOOK WHAT AGENDA THE ILLUMINATI WERE PUSHING AT THE 2019 GOLDEN GLOBE AWARDS! by A Call For An Uprising 1 month ago 12 minutes 384,313 views",1,759.0,396664.0,10763.0,707.0,0.0,5322.0,413456.0,6
530,31,Vaccine controversies,Vaccines are toxic,https://www.youtube.com/watch?v=ml4M8Kjg8SI,The Real Truth Behind Flu Shots,"The Real Truth Behind Flu Shots by Mercola 10 years ago 7 minutes, 41 seconds 349,649 views",1,461.0,350239.0,4160.0,198.0,0.0,319.0,354916.0,7
549,32,Vaccine controversies,Vaccines for babies,https://www.youtube.com/watch?v=lzN4cm1IgZo,My Vaxxed child versus my unvaccinated child,"My Vaxxed child versus my unvaccinated child by VAXXED TV Streamed 1 year ago 19 minutes 315,704 views",1,1158.0,330980.0,5648.0,649.0,0.0,5075.0,342352.0,8
621,35,Vaccine controversies,anti vaxxers,https://www.youtube.com/watch?v=e5T7sHZpw74,Worst Nightmare for Mother of 6 Unvaxxed Children,"Worst Nightmare for Mother of 6 Unvaxxed Children by VAXXED TV 1 year ago 24 minutes 324,259 views",1,1495.0,330187.0,3853.0,1127.0,0.0,4066.0,339233.0,9
589,34,Vaccine controversies,vaccines penn and teller,https://www.youtube.com/watch?v=IuLQ2GDVOHA,Penn & Teller's Bullshit on Vaccinations,"Penn & Teller's Bullshit on Vaccinations by Jaime A 4 years ago 4 minutes, 12 seconds 186,671 views",1,252.0,194498.0,529.0,2913.0,0.0,166.0,198106.0,10
492,30,Vaccine controversies,Vaccines revealed,https://www.youtube.com/watch?v=QsZbVg6vmVs,"If You Think Your Kid's Vaccines are Safe, DON'T Watch This!","If You Think Your Kid's Vaccines are Safe, DON'T Watch This! by iHealthTube.com 4 years ago 5 minutes, 8 seconds 174,955 views",1,308.0,180951.0,3742.0,600.0,0.0,2425.0,187718.0,11
561,33,Vaccine controversies,Vaccines calling the shots,https://www.youtube.com/watch?v=pnxAsrAK2hw,Shots In The Dark: Silence on Vaccine,"Shots In The Dark: Silence on Vaccine by PolygonzAll 7 years ago 1 hour, 30 minutes 179,430 views",1,5406.0,181241.0,1710.0,128.0,0.0,1175.0,184254.0,12
460,29,Vaccine controversies,Vaccines,https://www.youtube.com/watch?v=RJh3TiCFJH4,The Irrefutable Argument Against Vaccine Safety - with Author Del Bigtree,"The Irrefutable Argument Against Vaccine Safety - with Author Del Bigtree by The Real Truth About Health 7 months ago 1 hour, 35 minutes 110,582 views",1,5745.0,139254.0,3653.0,176.0,0.0,1600.0,144683.0,13
480,30,Vaccine controversies,Vaccines revealed,https://www.youtube.com/watch?v=Pf37G3mry6M,I was a scientist and will now never vaccinate my children,"I was a scientist and will now never vaccinate my children by VAXXED TV Streamed 1 year ago 41 minutes 135,006 views",1,2479.0,138555.0,2892.0,249.0,0.0,1061.0,142757.0,14
453,29,Vaccine controversies,Vaccines,https://www.youtube.com/watch?v=R4UDIRlNcV8,Mom Gives Compelling Reasons To Avoid Vaccination and Vaccines,"Mom Gives Compelling Reasons To Avoid Vaccination and Vaccines by LarryCook333 2 years ago 16 minutes 121,985 views",1,977.0,133574.0,4766.0,3412.0,0.0,0.0,141752.0,15
488,30,Vaccine controversies,Vaccines revealed,https://www.youtube.com/watch?v=mTjvX6s2Jvk,Silent Epidemic - The Untold Story of Vaccines [Movie],"Silent Epidemic - The Untold Story of Vaccines [Movie] by ThisIs WhatsGoingOn 3 years ago 1 hour, 48 minutes 98,865 views",1,6486.0,106126.0,1386.0,43.0,0.0,6.0,107561.0,16
451,29,Vaccine controversies,Vaccines,https://www.youtube.com/watch?v=S8ixbGlHTTI,Vaccine Ignorance,"Vaccine Ignorance by Dr. John Bergman 1 year ago 1 hour 81,635 views",1,3668.0,85735.0,2696.0,225.0,0.0,1230.0,89886.0,17
534,32,Vaccine controversies,Vaccines for babies,https://www.youtube.com/watch?v=Z11BoRjjnEE,You'll Be Glad You Watched This Before Vaccinating Your Child!,"You'll Be Glad You Watched This Before Vaccinating Your Child! by iHealthTube.com 4 years ago 5 minutes, 6 seconds 74,149 views",1,306.0,77887.0,1274.0,177.0,0.0,856.0,80194.0,18
514,31,Vaccine controversies,Vaccines are toxic,https://www.youtube.com/watch?v=6LfipChRciY,"Vaccines and Toxins Cause Autism, Sudden Infant Death Syndrome, SIDS & Crib Death","Vaccines and Toxins Cause Autism, Sudden Infant Death Syndrome, SIDS & Crib Death by LarryCook333 7 years ago 10 minutes 72,885 views",1,649.0,75181.0,0.0,0.0,0.0,64.0,75245.0,19
