Id,qid,topic,query,vid_url,vid_title,aria-label,Stance,duration,viewCount,likeCount,dislikeCount,favoriteCount,commentCount,popularity,v_id
454,29,Vaccine controversies,Vaccines,https://www.youtube.com/watch?v=WQptarOLSBU,Pro-Vaccine vs Anti-Vaccine: Should Your Kids Get Vaccinated?,"Pro-Vaccine vs Anti-Vaccine: Should Your Kids Get Vaccinated? by Jubilee 1 week ago 14 minutes 1,507,650 views",0,861.0,2444860.0,64674.0,5683.0,0.0,35523.0,2550740.0,0
640,36,Vaccine controversies,anti vax,https://www.youtube.com/watch?v=WQptarOLSBU&list=RDWQptarOLSBU&index=1,Pro-Vaccine vs Anti-Vaccine: Should Your Kids Get Vaccinated?,"Pro-Vaccine vs Anti-Vaccine: Should Your Kids Get Vaccinated? by Jubilee 1 month ago 14 minutes 2,310,916 views",0,861.0,2444860.0,64674.0,5683.0,0.0,35523.0,2550740.0,1
587,34,Vaccine controversies,vaccines penn and teller,https://www.youtube.com/watch?v=6oEtF8FdqpA,Autism Debate with Jenny McCarthy on 'The Doctors' (Part 1),"Autism Debate with Jenny McCarthy on 'The Doctors' (Part 1) by The Doctors 9 years ago 4 minutes 725,146 views",0,240.0,754387.0,4336.0,823.0,0.0,10362.0,769908.0,2
617,35,Vaccine controversies,anti vaxxers,https://www.youtube.com/watch?v=npYocgDntyY,Anti-Vaxxers In Texas Would Rather Have Liberty Than Safety (HBO),"Anti-Vaxxers In Texas Would Rather Have Liberty Than Safety (HBO) by VICE News 1 year ago 7 minutes, 28 seconds 328,076 views",0,448.0,499788.0,5524.0,953.0,0.0,7241.0,513506.0,3
555,32,Vaccine controversies,Vaccines for babies,https://www.youtube.com/watch?v=FVysEMXMbkc,Should We Trust Baby Vaccinations? Russell Brand The Trews (E395),"Should We Trust Baby Vaccinations? Russell Brand The Trews (E395) by Russell Brand 2 years ago 4 minutes, 57 seconds 142,972 views",0,297.0,144317.0,3014.0,281.0,0.0,2026.0,149638.0,4
680,39,Vaccine controversies,vaccine debate,https://www.youtube.com/watch?v=Qqc_ExxEcEY,To Vaccinate or Not? Two Mothers 'Debate',"To Vaccinate or Not? Two Mothers 'Debate' by PBS NewsHour 6 years ago 5 minutes, 37 seconds 17,508 views",0,337.0,21333.0,64.0,61.0,0.0,0.0,21458.0,5
647,37,Vaccine controversies,anti vaccine,https://www.youtube.com/watch?v=W8c327UcjLQ,Robert De Niro: I Still Have ‘Mixed Feelings’ About Anti-Vaccine Film | TODAY,"Robert De Niro: I Still Have ‘Mixed Feelings’ About Anti-Vaccine Film | TODAY by TODAY 2 years ago 4 minutes, 44 seconds 16,444 views",0,284.0,17555.0,120.0,12.0,0.0,38.0,17725.0,6
662,38,Vaccine controversies,anti vaccination,https://www.youtube.com/watch?v=u8lVmtYHNL4,Parent: 'Too many' vaccinations recommended for...,"Parent: 'Too many' vaccinations recommended for... by CNN 4 years ago 3 minutes, 1 second 10,315 views",0,181.0,10883.0,72.0,67.0,0.0,331.0,11353.0,7
668,39,Vaccine controversies,vaccine debate,https://www.youtube.com/watch?v=Ii-BVfOrMU8,Vaccination Debate: Public Safety vs. Personal Freedom | Meet The Press,"Vaccination Debate: Public Safety vs. Personal Freedom | Meet The Press by NBC News 4 years ago 3 minutes, 52 seconds 8,959 views",0,232.0,9573.0,15.0,4.0,0.0,17.0,9609.0,8
663,39,Vaccine controversies,vaccine debate,https://www.youtube.com/watch?v=3TxqRoNgnLw,Vaccination debate,"Vaccination debate by ABC News (Australia) 7 years ago 9 minutes, 21 seconds 3,892 views",0,561.0,5150.0,13.0,16.0,0.0,0.0,5179.0,9
670,39,Vaccine controversies,vaccine debate,https://www.youtube.com/watch?v=o4C0WqjLjRs,Vaccine debate becomes 2016 issue,"Vaccine debate becomes 2016 issue by CNN 4 years ago 6 minutes, 29 seconds 2,656 views",0,389.0,2740.0,14.0,27.0,0.0,38.0,2819.0,10
672,39,Vaccine controversies,vaccine debate,https://www.youtube.com/watch?v=pWCLPCP1z2w,The politics of the vaccination debate,"The politics of the vaccination debate by Washington Post 4 years ago 2 minutes, 42 seconds 2,071 views",0,162.0,2399.0,9.0,5.0,0.0,17.0,2430.0,11
664,39,Vaccine controversies,vaccine debate,https://www.youtube.com/watch?v=_tc6lD6XTaI,Debate heats up over vaccine exemptions,"Debate heats up over vaccine exemptions by Fox News 3 years ago 4 minutes, 44 seconds 2,008 views",0,284.0,2083.0,14.0,5.0,0.0,7.0,2109.0,12
529,31,Vaccine controversies,Vaccines are toxic,https://www.youtube.com/watch?v=gTXQ1fz3v5k,"A Global Quest | Ep. 5 Preview | Cancer's Blind Spots, Toxic Vaccines, Homeopathy & Emotions","A Global Quest | Ep. 5 Preview | Cancer's Blind Spots, Toxic Vaccines, Homeopathy & Emotions by The Truth About Cancer 5 months ago 2 minutes, 48 seconds 1,476 views",0,168.0,1545.0,46.0,2.0,0.0,11.0,1604.0,13
669,39,Vaccine controversies,vaccine debate,https://www.youtube.com/watch?v=LaDJqfRV5D4,The new vaccine debate | FT World,"The new vaccine debate | FT World by Financial Times 2 years ago 5 minutes, 17 seconds 1,455 views",0,317.0,1510.0,17.0,14.0,0.0,0.0,1541.0,14
564,33,Vaccine controversies,Vaccines calling the shots,https://www.youtube.com/watch?v=pBllgmGPbGM,Nova: Vaccines - Calling the Shots - Houston Public Media,Nova: Vaccines - Calling the Shots - Houston Public Media by Houston Public Media 4 years ago 31 seconds 297 views,0,31.0,303.0,0.0,0.0,0.0,0.0,303.0,15
574,33,Vaccine controversies,Vaccines calling the shots,https://www.youtube.com/watch?v=9L2GBZSBIkA,Jennifer Reich: Calling the Shots: Why Parents Reject Vaccines,Jennifer Reich: Calling the Shots: Why Parents Reject Vaccines by AuthorStory 2 years ago 26 minutes 189 views,0,1597.0,218.0,2.0,1.0,0.0,0.0,221.0,16
567,33,Vaccine controversies,Vaccines calling the shots,https://www.youtube.com/watch?v=M-rBSdQ_sMU,"NOVA: Vaccines, Calling the Shots","NOVA: Vaccines, Calling the Shots by Arizona Public Media 3 years ago 30 seconds 118 views",0,30.0,129.0,0.0,0.0,0.0,0.0,129.0,17
575,33,Vaccine controversies,Vaccines calling the shots,https://www.youtube.com/watch?v=QtOLWK6xkU4,"What's on TV tonight? 'NOVA: Vaccines -- Calling the Shots,' 'Hardcore Heroes,' 'Hell's Kitchen'","What's on TV tonight? 'NOVA: Vaccines -- Calling the Shots,' 'Hardcore Heroes,' 'Hell's Kitchen' by NOLA.com 4 years ago 2 minutes, 7 seconds 71 views",0,127.0,72.0,0.0,0.0,0.0,1.0,73.0,18
565,33,Vaccine controversies,Vaccines calling the shots,https://www.youtube.com/watch?v=7n5boZxeni8,CALLING THE SHOTS Why Parents Reject Vaccines,CALLING THE SHOTS Why Parents Reject Vaccines by Answers for the Family Radio Show 2 years ago 51 minutes 60 views,0,3068.0,66.0,0.0,0.0,0.0,1.0,67.0,19
