Id,qid,topic,query,vid_url,vid_title,aria-label,Stance,duration,viewCount,likeCount,dislikeCount,favoriteCount,commentCount,popularity,v_id
698,40,Moon landing conspiracy theories,moon landing,https://www.youtube.com/watch?v=xMDdaNLc8DU,Inside NASA's Last Moon Mission,"Inside NASA's Last Moon Mission by Great Big Story 2 years ago 20 minutes 1,315,514 views",0,1219,1394361,14289,1130,0,5697,1415477,0
697,40,Moon landing conspiracy theories,moon landing,https://www.youtube.com/watch?v=S9HdPi9Ikhk,Restored Apollo 11 EVA,"Restored Apollo 11 EVA by NASA 4 years ago 3 hours, 2 minutes 852,134 views",0,10951,917856,8265,618,0,555,927294,1
686,40,Moon landing conspiracy theories,moon landing,https://www.youtube.com/watch?v=E96EPhqT-ds,CBS Coverage of Apollo 11 Lunar Landing,"CBS Coverage of Apollo 11 Lunar Landing by NASA 4 years ago 42 minutes 733,773 views",0,2549,782354,4631,587,0,561,788133,2
838,48,Moon landing conspiracy theories,moon hoax,https://www.youtube.com/watch?v=cnc_X-oDWsE,Was the Moon Landing Faked? | This Morning,"Was the Moon Landing Faked? | This Morning by This Morning 6 months ago 6 minutes, 5 seconds 538,460 views",0,365,617751,5765,1249,0,0,624765,3
694,40,Moon landing conspiracy theories,moon landing,https://www.youtube.com/watch?v=c1CgNrjVHBU,How The First-Ever Moon Landing Was Re-Created In 'First Man' | Movies Insider,"How The First-Ever Moon Landing Was Re-Created In 'First Man' | Movies Insider by INSIDER 4 months ago 4 minutes, 6 seconds 352,458 views",0,246,370744,4789,198,0,1407,377138,4
688,40,Moon landing conspiracy theories,moon landing,https://www.youtube.com/watch?v=BD-1iGWZRDA,First Moon Landing: NASA Releases New Video,"First Moon Landing: NASA Releases New Video by Sky News 9 years ago 112 seconds 202,948 views",0,112,263394,849,367,0,0,264610,5
746,43,Moon landing conspiracy theories,moon landing song,https://www.youtube.com/watch?v=c7_R1Lj0BV0,Man On The Moon (1969),"Man On The Moon (1969) by British Pathé 4 years ago 6 minutes, 29 seconds 178,515 views",0,389,211442,987,174,0,277,212880,6
760,44,Moon landing conspiracy theories,moon landing audio,https://www.youtube.com/watch?v=XkKPt7XGMns,Neil Armstrong's historic moon landing: 'one small step for man',"Neil Armstrong's historic moon landing: 'one small step for man' by The Telegraph 6 years ago 24 seconds 142,886 views",0,24,151397,467,96,0,242,152202,7
692,40,Moon landing conspiracy theories,moon landing,https://www.youtube.com/watch?v=MgwWycuvx-0,Flashback: 48th anniversary of Apollo moon landing,"Flashback: 48th anniversary of Apollo moon landing by The Globe and Mail 1 year ago 57 seconds 142,178 views",0,57,147194,535,142,0,0,147871,8
715,41,Moon landing conspiracy theories,moon landing steph curry,https://www.youtube.com/watch?v=W_ce4QGqiNw,Jalen Rose agrees with Steph Curry on fake moon landing | Jalen & Jacoby,"Jalen Rose agrees with Steph Curry on fake moon landing | Jalen & Jacoby by NBA on ESPN 2 months ago 3 minutes, 24 seconds 91,970 views",0,204,94028,818,445,0,2374,97665,9
766,44,Moon landing conspiracy theories,moon landing audio,https://www.youtube.com/watch?v=DejhGSEu8wk,Apollo 11 Mission Audio - Day 1,"Apollo 11 Mission Audio - Day 1 by NASA 4 years ago 1 hour, 7 minutes 85,927 views",0,4064,92166,833,26,0,139,93164,10
777,44,Moon landing conspiracy theories,moon landing audio,https://www.youtube.com/watch?v=In5xf5DHiM4,Apollo 11 Landing Profile,"Apollo 11 Landing Profile by NASA Video 5 years ago 4 minutes, 45 seconds 74,979 views",0,285,77629,612,41,0,345,78627,11
714,41,Moon landing conspiracy theories,moon landing steph curry,https://www.youtube.com/watch?v=GMUEUnGFSKs,Steph Curry Accepts NASA Offer After Moon Landing Comments,"Steph Curry Accepts NASA Offer After Moon Landing Comments by Breakfast Club Power 105.1 FM 2 months ago 5 minutes, 3 seconds 70,918 views",0,303,71491,724,40,0,374,72629,12
764,44,Moon landing conspiracy theories,moon landing audio,https://www.youtube.com/watch?v=fktWJ0M80QE,Apollo 11 Mission Audio - Day 5,"Apollo 11 Mission Audio - Day 5 by NASA 4 years ago 1 hour 29,623 views",0,3665,31920,281,13,0,52,32266,13
693,40,Moon landing conspiracy theories,moon landing,https://www.youtube.com/watch?v=alu4edLD4HY,Five Facts You Never Knew About the Moon Landing,"Five Facts You Never Knew About the Moon Landing by History in Five 6 months ago 2 minutes, 5 seconds 23,219 views",0,125,29062,97,34,0,312,29505,14
768,44,Moon landing conspiracy theories,moon landing audio,https://www.youtube.com/watch?v=Kdp5bfcrHME,"Apollo 11 Lunar Module Powered Descent & Landing on Moon July 20, 1969","Apollo 11 Lunar Module Powered Descent & Landing on Moon July 20, 1969 by Smithsonian National Air and Space Museum 9 years ago 16 minutes 26,630 views",0,960,27919,98,5,0,45,28067,15
784,46,Moon landing conspiracy theories,moon landing conspiracy,https://www.youtube.com/watch?v=Zm1Wlsv5RCc,Conspiracy theories abound on moon landings - 20 Jul 09,"Conspiracy theories abound on moon landings - 20 Jul 09 by Al Jazeera English 9 years ago 3 minutes, 13 seconds 22,158 views",0,193,23119,84,23,0,0,23226,16
765,44,Moon landing conspiracy theories,moon landing audio,https://www.youtube.com/watch?v=Zd2D3MKX3YE,The Eagle Has Landed',"The Eagle Has Landed' by ABC News 9 years ago 2 minutes, 51 seconds 15,370 views",0,171,18667,138,37,0,29,18871,17
770,44,Moon landing conspiracy theories,moon landing audio,https://www.youtube.com/watch?v=keZZ5444sK0,Apollo 11 Mission Audio - Day 2,"Apollo 11 Mission Audio - Day 2 by NASA 4 years ago 1 hour, 19 minutes 15,545 views",0,4745,16215,135,8,0,24,16382,18
695,40,Moon landing conspiracy theories,moon landing,https://www.youtube.com/watch?v=0_DfT6Ft5Ik,Apollo 11 Moon Landing 20th Anniversary,"Apollo 11 Moon Landing 20th Anniversary by King Rose Archives 2 years ago 26 minutes 13,145 views",0,1599,15275,105,10,0,80,15470,19
